{"Kindred": {"Fail": 0.48853004037045833, "Win": 0.5114699596295417, "sum": 21055}, "Leona": {"Fail": 0.4907019643035198, "Win": 0.5092980356964802, "sum": 40116}, "JarvanIV": {"Fail": 0.5057329552459623, "Win": 0.4942670447540377, "sum": 16222}, "Aphelios": {"Fail": 0.5037192663676111, "Win": 0.49628073363238884, "sum": 52833}, "Alistar": {"Fail": 0.5038597955351555, "Win": 0.4961402044648446, "sum": 19172}, "Zac": {"Fail": 0.5043757292882147, "Win": 0.4956242707117853, "sum": 10284}, "Kennen": {"Fail": 0.4910802078943672, "Win": 0.5089197921056328, "sum": 14238}, "Quinn": {"Fail": 0.47667962243198225, "Win": 0.5233203775680177, "sum": 3602}, "Yone": {"Fail": 0.5145590927883763, "Win": 0.48544090721162364, "sum": 16931}, "Kaisa": {"Fail": 0.5189513505698657, "Win": 0.4810486494301342, "sum": 41501}, "Ekko": {"Fail": 0.5146095271825748, "Win": 0.4853904728174252, "sum": 22588}, "Tristana": {"Fail": 0.49273356401384083, "Win": 0.5072664359861592, "sum": 10115}, "Bard": {"Fail": 0.4683737646001797, "Win": 0.5316262353998203, "sum": 11130}, "Brand": {"Fail": 0.5094798249878464, "Win": 0.4905201750121536, "sum": 2057}, "Jayce": {"Fail": 0.5192908016366116, "Win": 0.4807091983633884, "sum": 32995}, "Malphite": {"Fail": 0.5196826970748637, "Win": 0.48031730292513636, "sum": 10085}, "Irelia": {"Fail": 0.5155288822205552, "Win": 0.48447111777944485, "sum": 39990}, "Zed": {"Fail": 0.505584872471416, "Win": 0.494415127528584, "sum": 22740}, "Kayn": {"Fail": 0.4957599478147423, "Win": 0.5042400521852577, "sum": 12264}, "Jhin": {"Fail": 0.5058521725188392, "Win": 0.4941478274811608, "sum": 24948}, "Hecarim": {"Fail": 0.5270391395279355, "Win": 0.47296086047206454, "sum": 10041}, "Lissandra": {"Fail": 0.48813607775871926, "Win": 0.5118639222412807, "sum": 6996}, "Thresh": {"Fail": 0.4815780180604369, "Win": 0.5184219819395631, "sum": 59467}, "Nunu": {"Fail": 0.5373633727414677, "Win": 0.4626366272585322, "sum": 8966}, "Mordekaiser": {"Fail": 0.5375771769214392, "Win": 0.4624228230785608, "sum": 4697}, "Camille": {"Fail": 0.48402399538164204, "Win": 0.515976004618358, "sum": 39841}, "Sylas": {"Fail": 0.5069417745311632, "Win": 0.49305822546883676, "sum": 46818}, "Sona": {"Fail": 0.484375, "Win": 0.515625, "sum": 3008}, "Khazix": {"Fail": 0.5084804832713755, "Win": 0.49151951672862454, "sum": 8608}, "Sett": {"Fail": 0.5055993745257203, "Win": 0.49440062547427965, "sum": 43487}, "Diana": {"Fail": 0.5126108315360651, "Win": 0.4873891684639348, "sum": 33384}, "Jinx": {"Fail": 0.48648747086247085, "Win": 0.5135125291375291, "sum": 27456}, "Kled": {"Fail": 0.5021427240544065, "Win": 0.4978572759455934, "sum": 5367}, "Yasuo": {"Fail": 0.501057290386034, "Win": 0.4989427096139661, "sum": 20335}, "Ezreal": {"Fail": 0.5059446144841294, "Win": 0.4940553855158706, "sum": 82007}, "Gwen": {"Fail": 0.52244313487911, "Win": 0.47755686512089, "sum": 18157}, "Karma": {"Fail": 0.5217894850247792, "Win": 0.4782105149752209, "sum": 37128}, "LeeSin": {"Fail": 0.4884549966215429, "Win": 0.5115450033784571, "sum": 85838}, "Lux": {"Fail": 0.5159041394335512, "Win": 0.4840958605664488, "sum": 4590}, "Pantheon": {"Fail": 0.4937418413575981, "Win": 0.5062581586424019, "sum": 13023}, "Nidalee": {"Fail": 0.4873792749498437, "Win": 0.5126207250501563, "sum": 42866}, "Galio": {"Fail": 0.4905576141792044, "Win": 0.5094423858207956, "sum": 22399}, "Samira": {"Fail": 0.4995079648194846, "Win": 0.5004920351805154, "sum": 32518}, "Renekton": {"Fail": 0.501754656588639, "Win": 0.4982453434113609, "sum": 25931}, "Taliyah": {"Fail": 0.48412485466416244, "Win": 0.5158751453358376, "sum": 11181}, "Yuumi": {"Fail": 0.5439801779479672, "Win": 0.4560198220520329, "sum": 17758}, "Zoe": {"Fail": 0.4897894469812278, "Win": 0.5102105530187722, "sum": 15768}, "Leblanc": {"Fail": 0.49645729933253463, "Win": 0.5035427006674653, "sum": 29215}, "Kassadin": {"Fail": 0.4949295403661267, "Win": 0.5050704596338733, "sum": 7593}, "Xayah": {"Fail": 0.5110144927536232, "Win": 0.4889855072463768, "sum": 6900}, "Trundle": {"Fail": 0.506726661212617, "Win": 0.49327333878738294, "sum": 22002}, "MonkeyKing": {"Fail": 0.48790498646406427, "Win": 0.5120950135359357, "sum": 11451}, "Janna": {"Fail": 0.4941403114464601, "Win": 0.5058596885535399, "sum": 6229}, "Ashe": {"Fail": 0.4866142568787847, "Win": 0.5133857431212153, "sum": 37652}, "Ryze": {"Fail": 0.5263502098206987, "Win": 0.4736497901793013, "sum": 18349}, "Riven": {"Fail": 0.48300322432058956, "Win": 0.5169967756794104, "sum": 10855}, "Graves": {"Fail": 0.5156943626006678, "Win": 0.48430563739933213, "sum": 25455}, "Karthus": {"Fail": 0.4584113399304627, "Win": 0.5415886600695373, "sum": 18695}, "Lulu": {"Fail": 0.48817784631200206, "Win": 0.511822153687998, "sum": 38910}, "Kalista": {"Fail": 0.5166214177978884, "Win": 0.4833785822021116, "sum": 16575}, "Volibear": {"Fail": 0.5363840075480599, "Win": 0.4636159924519401, "sum": 8479}, "Vayne": {"Fail": 0.4882361003243638, "Win": 0.5117638996756362, "sum": 21889}, "Fiddlesticks": {"Fail": 0.5130710659898478, "Win": 0.4869289340101523, "sum": 7880}, "Qiyana": {"Fail": 0.47386091127098323, "Win": 0.5261390887290168, "sum": 18765}, "Xerath": {"Fail": 0.5183754008057223, "Win": 0.48162459919427775, "sum": 12163}, "Gragas": {"Fail": 0.5084995663486557, "Win": 0.4915004336513443, "sum": 11530}, "Nasus": {"Fail": 0.504695794201715, "Win": 0.495304205798285, "sum": 2449}, "Blitzcrank": {"Fail": 0.48862611484116647, "Win": 0.5113738851588335, "sum": 19958}, "Darius": {"Fail": 0.5019952114924182, "Win": 0.4980047885075818, "sum": 7518}, "Velkoz": {"Fail": 0.5001837559720691, "Win": 0.4998162440279309, "sum": 2721}, "XinZhao": {"Fail": 0.4840553757145809, "Win": 0.5159446242854191, "sum": 29038}, "Warwick": {"Fail": 0.5036991368680641, "Win": 0.4963008631319359, "sum": 3244}, "Aatrox": {"Fail": 0.50034169163644, "Win": 0.4996583083635599, "sum": 19023}, "Olaf": {"Fail": 0.4921190893169877, "Win": 0.5078809106830122, "sum": 6281}, "Twitch": {"Fail": 0.4905306581661354, "Win": 0.5094693418338646, "sum": 5333}, "Gangplank": {"Fail": 0.4890226234258331, "Win": 0.510977376574167, "sum": 8973}, "Ziggs": {"Fail": 0.47335637509969997, "Win": 0.5266436249003, "sum": 26329}, "Morgana": {"Fail": 0.5197752094157565, "Win": 0.48022479058424344, "sum": 9431}, "Elise": {"Fail": 0.49250457038391227, "Win": 0.5074954296160877, "sum": 16410}, "TwistedFate": {"Fail": 0.49535578709312655, "Win": 0.5046442129068734, "sum": 12381}, "Akali": {"Fail": 0.5424176507147297, "Win": 0.45758234928527036, "sum": 12872}, "RekSai": {"Fail": 0.4760010607265977, "Win": 0.5239989392734022, "sum": 11313}, "Gnar": {"Fail": 0.5152583248307208, "Win": 0.4847416751692793, "sum": 10781}, "Lillia": {"Fail": 0.5353639648941663, "Win": 0.4646360351058338, "sum": 5811}, "Poppy": {"Fail": 0.48681172601972994, "Win": 0.5131882739802701, "sum": 14293}, "Chogath": {"Fail": 0.5130970724191063, "Win": 0.4869029275808937, "sum": 1298}, "Senna": {"Fail": 0.5036187688053997, "Win": 0.4963812311946003, "sum": 12297}, "Braum": {"Fail": 0.49136371113670013, "Win": 0.5086362888632999, "sum": 12158}, "Fiora": {"Fail": 0.4903397491980169, "Win": 0.5096602508019831, "sum": 27432}, "Orianna": {"Fail": 0.501298960831335, "Win": 0.4987010391686651, "sum": 10008}, "Sejuani": {"Fail": 0.5265764278639815, "Win": 0.4734235721360185, "sum": 3029}, "Syndra": {"Fail": 0.5101584342963653, "Win": 0.4898415657036347, "sum": 16095}, "Malzahar": {"Fail": 0.4843650287172942, "Win": 0.5156349712827059, "sum": 3134}, "Yorick": {"Fail": 0.5187250996015936, "Win": 0.48127490039840637, "sum": 1255}, "Skarner": {"Fail": 0.468040147913365, "Win": 0.531959852086635, "sum": 1893}, "Talon": {"Fail": 0.47994041708043694, "Win": 0.5200595829195631, "sum": 20140}, "TahmKench": {"Fail": 0.49808630753037986, "Win": 0.5019136924696201, "sum": 20902}, "Zilean": {"Fail": 0.4901793339026473, "Win": 0.5098206660973527, "sum": 8197}, "Annie": {"Fail": 0.4899541769474797, "Win": 0.5100458230525202, "sum": 2837},